{
    "rmse": 4.02123194333099,
    "mae": 3.2079470812771924,
    "r2": 0.9098682586788158
}