{
    "rmse": 3.94097495665372,
    "mae": 3.1518857226607424,
    "r2": 0.920564262493649
}