{
    "rmse": 4.023725608515273,
    "mae": 3.2058563577138965,
    "r2": 0.9138385583697063
}