{
    "rmse": 3.84076645490806,
    "mae": 3.0569930320085357,
    "r2": 0.9191876744203016
}